{"cameraMode":{"drawMode":0,"name":"Shaded","section":"Shading Mode"},"sceneLighting":false,"audioPlay":false,"sceneViewState":{"m_AlwaysRefresh":false,"showFog":true,"showSkybox":false,"showFlares":true,"showImageEffects":true,"showParticleSystems":true,"showVisualEffectGraphs":true,"m_FxEnabled":true},"in2DMode":false,"pivot":{"x":5.960464477539063e-8,"y":0.3499794006347656,"z":-3.5762786865234377e-7},"rotation":{"x":0.009915650822222233,"y":-0.984576940536499,"z":0.16425907611846925,"w":0.059434425085783008},"size":1.3251659870147706,"orthographic":false}